date,product_name,store_id,stock_level,sales_quantity,expiration_days_left,ordered_quantity
2022-01,타이레놀,001,143,95,616,0
2022-02,타이레놀,001,48,100,317,70
2022-03,타이레놀,001,18,77,254,75
2022-04,타이레놀,001,16,55,330,71
2022-05,타이레놀,001,32,100,580,85
2022-06,타이레놀,001,17,91,634,113
2022-07,타이레놀,001,39,59,454,40
2022-08,타이레놀,001,20,52,621,49
2022-09,타이레놀,001,17,60,230,56
2022-10,타이레놀,001,13,73,238,75
2022-11,타이레놀,001,15,58,566,47
2022-12,타이레놀,001,4,114,630,134
2023-01,타이레놀,001,24,112,197,92
2023-02,타이레놀,001,4,132,208,147
2023-03,타이레놀,001,19,89,209,78
2023-04,타이레놀,001,8,53,273,74
2023-05,타이레놀,001,29,66,495,60
2023-06,타이레놀,001,23,91,513,92
2023-07,타이레놀,001,24,52,643,38
2023-08,타이레놀,001,10,59,231,76
2023-09,타이레놀,001,27,54,456,36
2023-10,타이레놀,001,9,58,476,67
2023-11,타이레놀,001,18,52,566,52
2023-12,타이레놀,001,18,96,389,89
2024-01,타이레놀,001,11,118,577,119
2024-02,타이레놀,001,12,107,440,114
2024-03,타이레놀,001,19,60,273,56
2024-04,타이레놀,001,15,60,415,66
2024-05,타이레놀,001,21,84,560,90
2024-06,타이레놀,001,27,59,551,50
2024-07,타이레놀,001,18,96,235,87
2024-08,타이레놀,001,9,83,678,95
2024-09,타이레놀,001,21,85,647,83
2024-10,타이레놀,001,19,71,539,59
2024-11,타이레놀,001,7,66,569,70
2024-12,타이레놀,001,11,121,406,139
2022-01,아스피린,001,119,89,395,0
2022-02,아스피린,001,30,66,680,57
2022-03,아스피린,001,21,57,679,66
2022-04,아스피린,001,30,79,477,60
2022-05,아스피린,001,11,95,589,100
2022-06,아스피린,001,16,88,478,109
2022-07,아스피린,001,37,63,274,44
2022-08,아스피린,001,18,97,451,96
2022-09,아스피린,001,17,89,515,85
2022-10,아스피린,001,13,62,274,69
2022-11,아스피린,001,20,63,711,58
2022-12,아스피린,001,15,79,407,78
2023-01,아스피린,001,14,72,476,71
2023-02,아스피린,001,13,58,520,65
2023-03,아스피린,001,20,57,228,54
2023-04,아스피린,001,17,58,678,64
2023-05,아스피린,001,23,58,702,60
2023-06,아스피린,001,25,61,667,39
2023-07,아스피린,001,3,97,350,121
2023-08,아스피린,001,27,58,621,52
2023-09,아스피린,001,21,66,245,64
2023-10,아스피린,001,19,75,362,86
2023-11,아스피린,001,30,63,396,46
2023-12,아스피린,001,13,96,258,99
2024-01,아스피린,001,16,59,539,62
2024-02,아스피린,001,19,70,379,71
2024-03,아스피린,001,20,96,188,98
2024-04,아스피린,001,22,79,307,75
2024-05,아스피린,001,18,62,503,62
2024-06,아스피린,001,18,52,685,38
2024-07,아스피린,001,4,84,708,100
2024-08,아스피린,001,20,80,556,66
2024-09,아스피린,001,6,79,345,88
2024-10,아스피린,001,15,55,296,66
2024-11,아스피린,001,26,73,647,80
2024-12,아스피린,001,33,99,346,84
2022-01,이부프로펜,001,116,54,181,0
2022-02,이부프로펜,001,62,59,364,24
2022-03,이부프로펜,001,27,71,419,57
2022-04,이부프로펜,001,13,68,350,72
2022-05,이부프로펜,001,17,61,208,55
2022-06,이부프로펜,001,11,81,672,81
2022-07,이부프로펜,001,11,73,619,91
2022-08,이부프로펜,001,29,97,695,94
2022-09,이부프로펜,001,26,58,643,61
2022-10,이부프로펜,001,29,97,438,84
2022-11,이부프로펜,001,16,64,193,71
2022-12,이부프로펜,001,23,54,516,47
2023-01,이부프로펜,001,16,98,515,102
2023-02,이부프로펜,001,20,87,305,99
2023-03,이부프로펜,001,32,92,563,76
2023-04,이부프로펜,001,16,73,332,87
2023-05,이부프로펜,001,30,53,412,57
2023-06,이부프로펜,001,34,55,198,53
2023-07,이부프로펜,001,32,73,284,49
2023-08,이부프로펜,001,8,58,181,69
2023-09,이부프로펜,001,19,81,366,70
2023-10,이부프로펜,001,8,81,445,86
2023-11,이부프로펜,001,13,88,353,94
2023-12,이부프로펜,001,19,79,274,81
2024-01,이부프로펜,001,21,61,427,78
2024-02,이부프로펜,001,38,72,639,65
2024-03,이부프로펜,001,31,84,209,89
2024-04,이부프로펜,001,36,78,600,57
2024-05,이부프로펜,001,15,95,188,117
2024-06,이부프로펜,001,37,54,558,23
2024-07,이부프로펜,001,6,50,601,71
2024-08,이부프로펜,001,27,96,407,95
2024-09,이부프로펜,001,26,54,564,42
2024-10,이부프로펜,001,14,71,446,73
2024-11,이부프로펜,001,16,61,475,73
2024-12,이부프로펜,001,28,77,620,82
2022-01,후시딘,001,110,86,383,1
2022-02,후시딘,001,25,71,620,64
2022-03,후시딘,001,18,58,644,62
2022-04,후시딘,001,22,55,716,52
2022-05,후시딘,001,19,50,592,52
2022-06,후시딘,001,21,125,217,124
2022-07,후시딘,001,20,80,436,86
2022-08,후시딘,001,26,100,398,102
2022-09,후시딘,001,28,56,698,36
2022-10,후시딘,001,8,85,444,106
2022-11,후시딘,001,29,82,630,70
2022-12,후시딘,001,17,71,537,81
2023-01,후시딘,001,27,76,342,70
2023-02,후시딘,001,21,85,191,83
2023-03,후시딘,001,19,81,384,76
2023-04,후시딘,001,14,78,381,86
2023-05,후시딘,001,22,78,291,82
2023-06,후시딘,001,26,106,312,103
2023-07,후시딘,001,23,109,257,100
2023-08,후시딘,001,14,107,491,118
2023-09,후시딘,001,25,60,692,50
2023-10,후시딘,001,15,78,280,70
2023-11,후시딘,001,7,87,657,90
2023-12,후시딘,001,10,78,399,99
2024-01,후시딘,001,31,53,500,48
2024-02,후시딘,001,26,90,562,88
2024-03,후시딘,001,24,63,498,42
2024-04,후시딘,001,3,97,518,131
2024-05,후시딘,001,37,78,498,65
2024-06,후시딘,001,24,98,513,92
2024-07,후시딘,001,18,82,702,85
2024-08,후시딘,001,21,98,339,90
2024-09,후시딘,001,13,54,377,51
2024-10,후시딘,001,10,84,209,95
2024-11,후시딘,001,21,54,202,43
2024-12,후시딘,001,10,99,335,106
2022-01,판피린,001,186,128,560,0
2022-02,판피린,001,58,117,537,69
2022-03,판피린,001,10,55,233,51
2022-04,판피린,001,6,87,539,102
2022-05,판피린,001,21,55,402,40
2022-06,판피린,001,6,83,505,95
2022-07,판피린,001,18,84,694,72
2022-08,판피린,001,6,79,714,80
2022-09,판피린,001,7,68,524,84
2022-10,판피린,001,23,93,701,79
2022-11,판피린,001,9,52,185,70
2022-12,판피린,001,27,119,248,94
2023-01,판피린,001,2,122,316,136
2023-02,판피린,001,16,127,670,135
2023-03,판피린,001,24,97,402,75
2023-04,판피린,001,2,81,464,101
2023-05,판피린,001,22,53,391,56
2023-06,판피린,001,25,91,439,88
2023-07,판피린,001,22,88,615,84
2023-08,판피린,001,18,89,288,77
2023-09,판피린,001,6,51,363,69
2023-10,판피린,001,24,96,630,84
2023-11,판피린,001,12,86,667,82
2023-12,판피린,001,8,89,257,101
2024-01,판피린,001,20,133,678,128
2024-02,판피린,001,15,121,516,135
2024-03,판피린,001,29,93,348,85
2024-04,판피린,001,21,57,613,58
2024-05,판피린,001,22,60,418,57
2024-06,판피린,001,19,90,322,75
2024-07,판피린,001,4,58,385,91
2024-08,판피린,001,37,59,268,50
2024-09,판피린,001,28,95,197,93
2024-10,판피린,001,26,64,275,73
2024-11,판피린,001,35,93,184,75
2024-12,판피린,001,17,87,321,99
2022-01,진해거담정,001,112,116,195,20
2022-02,진해거담정,001,16,108,617,112
2022-03,진해거담정,001,20,65,191,65
2022-04,진해거담정,001,20,88,193,76
2022-05,진해거담정,001,8,60,226,65
2022-06,진해거담정,001,13,57,327,68
2022-07,진해거담정,001,24,60,193,67
2022-08,진해거담정,001,31,54,693,39
2022-09,진해거담정,001,16,99,465,98
2022-10,진해거담정,001,15,60,312,64
2022-11,진해거담정,001,19,53,590,71
2022-12,진해거담정,001,37,106,251,87
2023-01,진해거담정,001,18,113,652,130
2023-02,진해거담정,001,35,131,254,118
2023-03,진해거담정,001,22,61,433,45
2023-04,진해거담정,001,6,83,377,84
2023-05,진해거담정,001,7,57,424,54
2023-06,진해거담정,001,4,76,557,82
2023-07,진해거담정,001,10,80,658,98
2023-08,진해거담정,001,28,55,425,50
2023-09,진해거담정,001,23,94,342,91
2023-10,진해거담정,001,20,95,487,94
2023-11,진해거담정,001,19,77,633,71
2023-12,진해거담정,001,13,90,204,87
2024-01,진해거담정,001,10,116,663,121
2024-02,진해거담정,001,15,112,350,113
2024-03,진해거담정,001,16,56,522,76
2024-04,진해거담정,001,36,77,361,60
2024-05,진해거담정,001,19,70,603,58
2024-06,진해거담정,001,7,73,428,76
2024-07,진해거담정,001,10,57,332,52
2024-08,진해거담정,001,5,70,418,83
2024-09,진해거담정,001,18,87,454,104
2024-10,진해거담정,001,35,82,293,74
2024-11,진해거담정,001,27,100,320,86
2024-12,진해거담정,001,13,125,641,119
2022-01,훼라민,001,196,60,509,0
2022-02,훼라민,001,136,66,538,0
2022-03,훼라민,001,70,71,676,5
2022-04,훼라민,001,4,59,180,67
2022-05,훼라민,001,12,55,207,62
2022-06,훼라민,001,19,63,591,64
2022-07,훼라민,001,20,91,433,88
2022-08,훼라민,001,17,98,371,89
2022-09,훼라민,001,8,100,285,98
2022-10,훼라민,001,6,91,237,107
2022-11,훼라민,001,22,91,605,81
2022-12,훼라민,001,12,54,280,62
2023-01,훼라민,001,20,96,599,78
2023-02,훼라민,001,2,57,433,68
2023-03,훼라민,001,13,60,501,71
2023-04,훼라민,001,24,89,563,100
2023-05,훼라민,001,35,91,593,71
2023-06,훼라민,001,15,54,545,56
2023-07,훼라민,001,17,55,697,60
2023-08,훼라민,001,22,78,456,87
2023-09,훼라민,001,31,64,681,65
2023-10,훼라민,001,32,75,555,58
2023-11,훼라민,001,15,71,446,76
2023-12,훼라민,001,20,68,536,84
2024-01,훼라민,001,36,89,670,77
2024-02,훼라민,001,24,68,706,70
2024-03,훼라민,001,26,58,373,48
2024-04,훼라민,001,16,89,567,79
2024-05,훼라민,001,6,100,689,117
2024-06,훼라민,001,23,75,426,62
2024-07,훼라민,001,10,92,699,98
2024-08,훼라민,001,16,81,498,88
2024-09,훼라민,001,23,61,530,60
2024-10,훼라민,001,22,69,285,58
2024-11,훼라민,001,11,76,348,88
2024-12,훼라민,001,23,72,690,65
2022-01,게보린,001,155,95,485,0
2022-02,게보린,001,60,89,708,47
2022-03,게보린,001,18,57,406,65
2022-04,게보린,001,26,67,436,75
2022-05,게보린,001,34,71,420,46
2022-06,게보린,001,9,88,180,93
2022-07,게보린,001,14,96,291,109
2022-08,게보린,001,27,71,646,53
2022-09,게보린,001,9,69,575,79
2022-10,게보린,001,19,59,359,53
2022-11,게보린,001,13,70,192,74
2022-12,게보린,001,17,77,495,90
2023-01,게보린,001,30,94,456,77
2023-02,게보린,001,13,86,342,91
2023-03,게보린,001,18,70,481,73
2023-04,게보린,001,21,54,655,53
2023-05,게보린,001,20,55,398,58
2023-06,게보린,001,23,58,713,56
2023-07,게보린,001,21,92,215,91
2023-08,게보린,001,20,60,303,72
2023-09,게보린,001,32,95,601,93
2023-10,게보린,001,30,66,221,41
2023-11,게보린,001,5,93,403,119
2023-12,게보린,001,31,78,386,57
2024-01,게보린,001,10,55,391,66
2024-02,게보린,001,21,57,395,45
2024-03,게보린,001,9,80,402,99
2024-04,게보린,001,28,70,212,59
2024-05,게보린,001,17,81,632,76
2024-06,게보린,001,12,67,512,85
2024-07,게보린,001,30,100,670,91
2024-08,게보린,001,21,53,206,58
2024-09,게보린,001,26,64,291,51
2024-10,게보린,001,13,50,364,59
2024-11,게보린,001,22,74,300,82
2024-12,게보린,001,30,71,716,63
2022-01,어린이타이레놀,001,174,98,701,0
2022-02,어린이타이레놀,001,76,92,450,39
2022-03,어린이타이레놀,001,23,75,413,66
2022-04,어린이타이레놀,001,14,54,353,76
2022-05,어린이타이레놀,001,36,99,368,94
2022-06,어린이타이레놀,001,31,58,413,51
2022-07,어린이타이레놀,001,24,94,347,87
2022-08,어린이타이레놀,001,17,80,620,88
2022-09,어린이타이레놀,001,25,65,477,59
2022-10,어린이타이레놀,001,19,67,279,83
2022-11,어린이타이레놀,001,35,66,256,63
2022-12,어린이타이레놀,001,32,106,453,82
2023-01,어린이타이레놀,001,8,130,342,144
2023-02,어린이타이레놀,001,22,121,716,114
2023-03,어린이타이레놀,001,15,56,388,69
2023-04,어린이타이레놀,001,28,86,594,82
2023-05,어린이타이레놀,001,24,68,351,63
2023-06,어린이타이레놀,001,19,61,374,65
2023-07,어린이타이레놀,001,23,99,433,106
2023-08,어린이타이레놀,001,30,94,256,80
2023-09,어린이타이레놀,001,16,90,246,92
2023-10,어린이타이레놀,001,18,54,181,43
2023-11,어린이타이레놀,001,7,52,605,74
2023-12,어린이타이레놀,001,29,92,605,85
2024-01,어린이타이레놀,001,22,128,228,126
2024-02,어린이타이레놀,001,20,143,716,140
2024-03,어린이타이레놀,001,17,64,642,68
2024-04,어린이타이레놀,001,21,72,593,69
2024-05,어린이타이레놀,001,18,56,653,43
2024-06,어린이타이레놀,001,5,91,716,118
2024-07,어린이타이레놀,001,32,80,268,66
2024-08,어린이타이레놀,001,18,98,433,105
2024-09,어린이타이레놀,001,25,85,294,68
2024-10,어린이타이레놀,001,8,77,369,85
2024-11,어린이타이레놀,001,16,59,249,50
2024-12,어린이타이레놀,001,7,102,667,124
2022-01,활명수,001,150,94,645,0
2022-02,활명수,001,56,55,243,26
2022-03,활명수,001,27,77,185,56
2022-04,활명수,001,6,68,293,96
2022-05,활명수,001,34,51,635,36
2022-06,활명수,001,19,81,356,76
2022-07,활명수,001,14,88,583,85
2022-08,활명수,001,11,58,551,60
2022-09,활명수,001,13,93,240,87
2022-10,활명수,001,7,73,506,89
2022-11,활명수,001,23,97,510,95
2022-12,활명수,001,21,56,251,64
2023-01,활명수,001,29,84,185,65
2023-02,활명수,001,10,64,266,69
2023-03,활명수,001,15,89,537,100
2023-04,활명수,001,26,89,339,81
2023-05,활명수,001,18,64,387,74
2023-06,활명수,001,28,51,485,43
2023-07,활명수,001,20,93,250,106
2023-08,활명수,001,33,54,323,53
2023-09,활명수,001,32,93,418,71
2023-10,활명수,001,10,92,476,97
2023-11,활명수,001,15,96,607,102
2023-12,활명수,001,21,91,385,87
2024-01,활명수,001,17,98,692,90
2024-02,활명수,001,9,91,654,100
2024-03,활명수,001,18,51,278,60
2024-04,활명수,001,27,58,254,47
2024-05,활명수,001,16,53,578,50
2024-06,활명수,001,13,73,470,93
2024-07,활명수,001,33,81,246,70
2024-08,활명수,001,22,99,434,110
2024-09,활명수,001,33,92,527,71
2024-10,활명수,001,12,98,583,106
2024-11,활명수,001,20,78,201,79
2024-12,활명수,001,21,70,645,82
2022-01,타이레놀,002,144,123,323,2
2022-02,타이레놀,002,23,128,190,130
2022-03,타이레놀,002,25,98,237,91
2022-04,타이레놀,002,18,68,525,62
2022-05,타이레놀,002,12,58,318,62
2022-06,타이레놀,002,16,76,339,72
2022-07,타이레놀,002,12,70,568,97
2022-08,타이레놀,002,39,84,661,61
2022-09,타이레놀,002,16,98,593,103
2022-10,타이레놀,002,21,58,565,64
2022-11,타이레놀,002,27,94,186,82
2022-12,타이레놀,002,15,102,711,100
2023-01,타이레놀,002,13,129,677,123
2023-02,타이레놀,002,7,95,622,101
2023-03,타이레놀,002,13,78,371,104
2023-04,타이레놀,002,39,98,429,65
2023-05,타이레놀,002,6,63,706,88
2023-06,타이레놀,002,31,69,523,52
2023-07,타이레놀,002,14,64,719,85
2023-08,타이레놀,002,35,50,543,41
2023-09,타이레놀,002,26,88,425,75
2023-10,타이레놀,002,13,93,369,105
2023-11,타이레놀,002,25,59,519,57
2023-12,타이레놀,002,23,108,678,114
2024-01,타이레놀,002,29,89,695,88
2024-02,타이레놀,002,28,117,705,104
2024-03,타이레놀,002,15,95,373,82
2024-04,타이레놀,002,2,52,294,70
2024-05,타이레놀,002,20,57,440,59
2024-06,타이레놀,002,22,62,666,61
2024-07,타이레놀,002,21,88,449,83
2024-08,타이레놀,002,16,84,302,81
2024-09,타이레놀,002,13,68,666,66
2024-10,타이레놀,002,11,60,446,87
2024-11,타이레놀,002,38,52,666,29
2024-12,타이레놀,002,15,123,339,121
2022-01,아스피린,002,193,79,533,0
2022-02,아스피린,002,114,87,720,0
2022-03,아스피린,002,27,52,522,51
2022-04,아스피린,002,26,54,334,45
2022-05,아스피린,002,17,84,196,86
2022-06,아스피린,002,19,98,426,111
2022-07,아스피린,002,32,57,236,29
2022-08,아스피린,002,4,76,234,92
2022-09,아스피린,002,20,84,459,89
2022-10,아스피린,002,25,52,501,40
2022-11,아스피린,002,13,77,309,79
2022-12,아스피린,002,15,94,711,97
2023-01,아스피린,002,18,71,628,81
2023-02,아스피린,002,28,82,304,76
2023-03,아스피린,002,22,67,607,57
2023-04,아스피린,002,12,79,303,80
2023-05,아스피린,002,13,53,285,62
2023-06,아스피린,002,22,69,289,83
2023-07,아스피린,002,36,99,570,73
2023-08,아스피린,002,10,55,319,53
2023-09,아스피린,002,8,69,348,91
2023-10,아스피린,002,30,94,660,72
2023-11,아스피린,002,8,80,268,96
2023-12,아스피린,002,24,73,438,66
2024-01,아스피린,002,17,81,383,70
2024-02,아스피린,002,6,79,234,95
2024-03,아스피린,002,22,74,302,75
2024-04,아스피린,002,23,72,310,66
2024-05,아스피린,002,17,61,549,65
2024-06,아스피린,002,21,84,341,69
2024-07,아스피린,002,6,54,238,73
2024-08,아스피린,002,25,84,710,67
2024-09,아스피린,002,8,83,498,90
2024-10,아스피린,002,15,92,562,99
2024-11,아스피린,002,22,71,331,73
2024-12,아스피린,002,24,55,598,48
2022-01,이부프로펜,002,116,77,530,0
2022-02,이부프로펜,002,39,81,505,59
2022-03,이부프로펜,002,17,52,238,65
2022-04,이부프로펜,002,30,84,701,63
2022-05,이부프로펜,002,9,71,259,74
2022-06,이부프로펜,002,12,50,403,41
2022-07,이부프로펜,002,3,53,525,81
2022-08,이부프로펜,002,31,51,570,46
2022-09,이부프로펜,002,26,61,571,41
2022-10,이부프로펜,002,6,90,295,101
2022-11,이부프로펜,002,17,63,417,66
2022-12,이부프로펜,002,20,93,251,92
2023-01,이부프로펜,002,19,93,443,102
2023-02,이부프로펜,002,28,78,538,62
2023-03,이부프로펜,002,12,87,593,85
2023-04,이부프로펜,002,10,56,281,53
2023-05,이부프로펜,002,7,63,285,91
2023-06,이부프로펜,002,35,97,660,84
2023-07,이부프로펜,002,22,98,458,85
2023-08,이부프로펜,002,9,56,391,67
2023-09,이부프로펜,002,20,81,477,83
2023-10,이부프로펜,002,22,60,559,51
2023-11,이부프로펜,002,13,99,233,110
2023-12,이부프로펜,002,24,77,314,72
2024-01,이부프로펜,002,19,81,236,96
2024-02,이부프로펜,002,34,84,213,88
2024-03,이부프로펜,002,38,84,267,60
2024-04,이부프로펜,002,14,93,478,111
2024-05,이부프로펜,002,32,59,397,43
2024-06,이부프로펜,002,16,100,673,98
2024-07,이부프로펜,002,14,100,352,91
2024-08,이부프로펜,002,5,93,568,114
2024-09,이부프로펜,002,26,66,609,44
2024-10,이부프로펜,002,4,99,209,117
2024-11,이부프로펜,002,22,72,396,77
2024-12,이부프로펜,002,27,51,569,40
2022-01,후시딘,002,162,73,188,0
2022-02,후시딘,002,89,100,295,34
2022-03,후시딘,002,23,90,274,81
2022-04,후시딘,002,14,75,550,67
2022-05,후시딘,002,6,88,534,97
2022-06,후시딘,002,15,128,325,119
2022-07,후시딘,002,6,95,651,103
2022-08,후시딘,002,14,83,186,97
2022-09,후시딘,002,28,67,343,60
2022-10,후시딘,002,21,94,600,86
2022-11,후시딘,002,13,71,190,87
2022-12,후시딘,002,29,61,641,51
2023-01,후시딘,002,19,75,511,85
2023-02,후시딘,002,29,66,465,54
2023-03,후시딘,002,17,84,341,99
2023-04,후시딘,002,32,82,665,73
2023-05,후시딘,002,23,77,718,70
2023-06,후시딘,002,16,114,371,111
2023-07,후시딘,002,13,135,584,158
2023-08,후시딘,002,36,129,203,118
2023-09,후시딘,002,25,72,675,78
2023-10,후시딘,002,31,90,209,87
2023-11,후시딘,002,28,79,651,86
2023-12,후시딘,002,35,53,235,32
2024-01,후시딘,002,14,53,308,60
2024-02,후시딘,002,21,99,591,93
2024-03,후시딘,002,15,92,554,86
2024-04,후시딘,002,9,90,186,115
2024-05,후시딘,002,34,71,351,43
2024-06,후시딘,002,6,121,188,136
2024-07,후시딘,002,21,123,613,115
2024-08,후시딘,002,13,116,558,124
2024-09,후시딘,002,21,90,567,98
2024-10,후시딘,002,29,70,225,48
2024-11,후시딘,002,7,84,604,100
2024-12,후시딘,002,23,67,399,81
2022-01,판피린,002,168,128,711,0
2022-02,판피린,002,40,115,458,106
2022-03,판피린,002,31,61,352,53
2022-04,판피린,002,23,99,710,100
2022-05,판피린,002,24,81,704,62
2022-06,판피린,002,5,51,329,70
2022-07,판피린,002,24,90,634,89
2022-08,판피린,002,23,75,672,70
2022-09,판피린,002,18,64,440,65
2022-10,판피린,002,19,86,193,89
2022-11,판피린,002,22,86,530,90
2022-12,판피린,002,26,114,368,115
2023-01,판피린,002,27,139,668,137
2023-02,판피린,002,25,142,420,129
2023-03,판피린,002,12,92,308,107
2023-04,판피린,002,27,56,520,59
2023-05,판피린,002,30,80,402,52
2023-06,판피린,002,2,54,719,75
2023-07,판피린,002,23,55,390,48
2023-08,판피린,002,16,60,184,73
2023-09,판피린,002,29,81,201,68
2023-10,판피린,002,16,67,488,59
2023-11,판피린,002,8,53,332,68
2023-12,판피린,002,23,85,378,86
2024-01,판피린,002,24,114,695,108
2024-02,판피린,002,18,132,207,135
2024-03,판피린,002,21,71,452,69
2024-04,판피린,002,19,79,580,85
2024-05,판피린,002,25,80,305,58
2024-06,판피린,002,3,73,662,89
2024-07,판피린,002,19,76,633,78
2024-08,판피린,002,21,82,476,67
2024-09,판피린,002,6,62,709,63
2024-10,판피린,002,7,79,717,93
2024-11,판피린,002,21,100,492,90
2024-12,판피린,002,11,131,480,146
2022-01,진해거담정,002,119,90,319,0
2022-02,진해거담정,002,29,101,213,96
2022-03,진해거담정,002,24,63,375,71
2022-04,진해거담정,002,32,71,323,56
2022-05,진해거담정,002,17,58,241,66
2022-06,진해거담정,002,25,84,569,88
2022-07,진해거담정,002,29,74,416,65
2022-08,진해거담정,002,20,75,273,85
2022-09,진해거담정,002,30,90,442,86
2022-10,진해거담정,002,26,70,432,66
2022-11,진해거담정,002,22,69,501,73
2022-12,진해거담정,002,26,99,330,76
2023-01,진해거담정,002,3,99,260,118
2023-02,진해거담정,002,22,140,401,123
2023-03,진해거담정,002,5,85,642,93
2023-04,진해거담정,002,13,64,304,66
2023-05,진해거담정,002,15,57,269,61
2023-06,진해거담정,002,19,87,350,81
2023-07,진해거담정,002,13,52,551,55
2023-08,진해거담정,002,16,98,351,109
2023-09,진해거담정,002,27,73,281,64
2023-10,진해거담정,002,18,57,270,41
2023-11,진해거담정,002,2,86,302,90
2023-12,진해거담정,002,6,91,424,106
2024-01,진해거담정,002,21,126,241,133
2024-02,진해거담정,002,28,95,453,90
2024-03,진해거담정,002,23,79,206,79
2024-04,진해거담정,002,23,59,617,55
2024-05,진해거담정,002,19,60,217,55
2024-06,진해거담정,002,14,96,578,106
2024-07,진해거담정,002,24,61,371,54
2024-08,진해거담정,002,17,99,717,85
2024-09,진해거담정,002,3,76,317,77
2024-10,진해거담정,002,4,57,576,65
2024-11,진해거담정,002,12,83,457,79
2024-12,진해거담정,002,8,124,315,133
2022-01,훼라민,002,136,93,650,0
2022-02,훼라민,002,43,58,389,31
2022-03,훼라민,002,16,93,571,94
2022-04,훼라민,002,17,71,560,88
2022-05,훼라민,002,34,69,680,47
2022-06,훼라민,002,12,92,196,88
2022-07,훼라민,002,8,73,562,89
2022-08,훼라민,002,24,51,580,67
2022-09,훼라민,002,40,56,480,44
2022-10,훼라민,002,28,80,556,78
2022-11,훼라민,002,26,59,347,53
2022-12,훼라민,002,20,66,483,69
2023-01,훼라민,002,23,100,266,98
2023-02,훼라민,002,21,53,649,40
2023-03,훼라민,002,8,61,408,85
2023-04,훼라민,002,32,97,595,91
2023-05,훼라민,002,26,100,567,74
2023-06,훼라민,002,0,75,608,99
2023-07,훼라민,002,24,69,248,72
2023-08,훼라민,002,27,65,228,60
2023-09,훼라민,002,22,55,232,36
2023-10,훼라민,002,3,100,340,123
2023-11,훼라민,002,26,65,368,53
2023-12,훼라민,002,14,91,590,115
2024-01,훼라민,002,38,79,532,71
2024-02,훼라민,002,30,89,221,84
2024-03,훼라민,002,25,92,379,78
2024-04,훼라민,002,11,53,593,52
2024-05,훼라민,002,10,86,547,95
2024-06,훼라민,002,19,66,636,63
2024-07,훼라민,002,16,75,540,65
2024-08,훼라민,002,6,88,637,108
2024-09,훼라민,002,26,80,713,82
2024-10,훼라민,002,28,95,254,82
2024-11,훼라민,002,15,81,538,88
2024-12,훼라민,002,22,89,654,93
2022-01,게보린,002,111,95,332,15
2022-02,게보린,002,31,90,434,82
2022-03,게보린,002,23,57,342,58
2022-04,게보린,002,24,79,366,69
2022-05,게보린,002,14,51,322,62
2022-06,게보린,002,25,65,461,56
2022-07,게보린,002,16,50,279,58
2022-08,게보린,002,24,78,597,68
2022-09,게보린,002,14,97,428,120
2022-10,게보린,002,37,53,393,31
2022-11,게보린,002,15,89,382,93
2022-12,게보린,002,19,80,694,82
2023-01,게보린,002,21,82,461,86
2023-02,게보린,002,25,90,660,94
2023-03,게보린,002,29,55,370,47
2023-04,게보린,002,21,85,279,79
2023-05,게보린,002,15,53,189,65
2023-06,게보린,002,27,60,467,68
2023-07,게보린,002,35,98,246,101
2023-08,게보린,002,38,80,486,80
2023-09,게보린,002,38,54,194,46
2023-10,게보린,002,30,63,184,64
2023-11,게보린,002,31,69,692,65
2023-12,게보린,002,27,79,346,70
2024-01,게보린,002,18,79,495,84
2024-02,게보린,002,23,55,288,60
2024-03,게보린,002,28,84,407,79
2024-04,게보린,002,23,54,385,32
2024-05,게보린,002,1,59,719,72
2024-06,게보린,002,14,100,439,118
2024-07,게보린,002,32,92,605,74
2024-08,게보린,002,14,98,427,94
2024-09,게보린,002,10,80,300,98
2024-10,게보린,002,28,76,708,67
2024-11,게보린,002,19,63,445,69
2024-12,게보린,002,25,78,621,73
2022-01,어린이타이레놀,002,163,111,517,0
2022-02,어린이타이레놀,002,52,119,395,81
2022-03,어린이타이레놀,002,14,86,407,84
2022-04,어린이타이레놀,002,12,82,324,89
2022-05,어린이타이레놀,002,19,62,442,49
2022-06,어린이타이레놀,002,6,69,267,83
2022-07,어린이타이레놀,002,20,82,492,84
2022-08,어린이타이레놀,002,22,70,378,74
2022-09,어린이타이레놀,002,26,74,313,60
2022-10,어린이타이레놀,002,12,79,378,82
2022-11,어린이타이레놀,002,15,79,205,84
2022-12,어린이타이레놀,002,20,94,594,98
2023-01,어린이타이레놀,002,24,111,592,94
2023-02,어린이타이레놀,002,7,114,409,111
2023-03,어린이타이레놀,002,4,95,349,114
2023-04,어린이타이레놀,002,23,64,420,61
2023-05,어린이타이레놀,002,20,98,660,103
2023-06,어린이타이레놀,002,25,70,306,68
2023-07,어린이타이레놀,002,23,69,626,58
2023-08,어린이타이레놀,002,12,85,446,110
2023-09,어린이타이레놀,002,37,63,404,45
2023-10,어린이타이레놀,002,19,69,444,70
2023-11,어린이타이레놀,002,20,75,345,62
2023-12,어린이타이레놀,002,7,103,413,106
2024-01,어린이타이레놀,002,10,124,304,125
2024-02,어린이타이레놀,002,11,111,611,113
2024-03,어린이타이레놀,002,13,81,556,88
2024-04,어린이타이레놀,002,20,98,190,81
2024-05,어린이타이레놀,002,3,63,636,74
2024-06,어린이타이레놀,002,14,67,577,83
2024-07,어린이타이레놀,002,30,80,419,68
2024-08,어린이타이레놀,002,18,91,281,94
2024-09,어린이타이레놀,002,21,81,308,75
2024-10,어린이타이레놀,002,15,81,392,85
2024-11,어린이타이레놀,002,19,97,655,98
2024-12,어린이타이레놀,002,20,128,719,127
2022-01,활명수,002,172,56,357,0
2022-02,활명수,002,116,74,215,0
2022-03,활명수,002,42,88,490,78
2022-04,활명수,002,32,61,520,65
2022-05,활명수,002,36,61,649,55
2022-06,활명수,002,30,51,255,33
2022-07,활명수,002,12,78,480,67
2022-08,활명수,002,1,84,612,86
2022-09,활명수,002,3,80,182,104
2022-10,활명수,002,27,97,709,100
2022-11,활명수,002,30,73,412,75
2022-12,활명수,002,32,95,694,79
2023-01,활명수,002,16,74,575,67
2023-02,활명수,002,9,63,485,78
2023-03,활명수,002,24,64,350,67
2023-04,활명수,002,27,87,677,85
2023-05,활명수,002,25,96,226,109
2023-06,활명수,002,38,50,563,33
2023-07,활명수,002,21,74,500,74
2023-08,활명수,002,21,69,293,55
2023-09,활명수,002,7,53,622,63
2023-10,활명수,002,17,97,292,108
2023-11,활명수,002,28,86,374,80
2023-12,활명수,002,22,99,399,101
2024-01,활명수,002,24,87,365,69
2024-02,활명수,002,6,79,637,99
2024-03,활명수,002,26,55,605,48
2024-04,활명수,002,19,59,307,60
2024-05,활명수,002,20,86,426,90
2024-06,활명수,002,24,59,253,37
2024-07,활명수,002,2,87,413,110
2024-08,활명수,002,25,76,302,83
2024-09,활명수,002,32,87,432,85
2024-10,활명수,002,30,69,652,51
2024-11,활명수,002,12,90,616,86
2024-12,활명수,002,8,69,570,61
2022-01,타이레놀,003,116,129,459,36
2022-02,타이레놀,003,23,111,486,101
2022-03,타이레놀,003,13,77,451,86
2022-04,타이레놀,003,22,65,420,63
2022-05,타이레놀,003,20,75,455,86
2022-06,타이레놀,003,31,55,595,38
2022-07,타이레놀,003,14,51,393,70
2022-08,타이레놀,003,33,76,513,73
2022-09,타이레놀,003,30,68,283,52
2022-10,타이레놀,003,14,74,473,92
2022-11,타이레놀,003,32,59,536,40
2022-12,타이레놀,003,13,112,297,105
2023-01,타이레놀,003,6,145,529,143
2023-02,타이레놀,003,4,123,320,138
2023-03,타이레놀,003,19,71,440,74
2023-04,타이레놀,003,22,97,202,92
2023-05,타이레놀,003,17,76,434,72
2023-06,타이레놀,003,13,69,635,74
2023-07,타이레놀,003,18,82,570,87
2023-08,타이레놀,003,23,55,299,49
2023-09,타이레놀,003,17,53,717,61
2023-10,타이레놀,003,25,100,481,91
2023-11,타이레놀,003,16,52,388,52
2023-12,타이레놀,003,16,80,353,76
2024-01,타이레놀,003,12,125,302,141
2024-02,타이레놀,003,28,126,520,113
2024-03,타이레놀,003,15,100,225,106
2024-04,타이레놀,003,21,90,239,98
2024-05,타이레놀,003,29,74,422,81
2024-06,타이레놀,003,36,89,653,71
2024-07,타이레놀,003,18,66,353,73
2024-08,타이레놀,003,25,99,694,100
2024-09,타이레놀,003,26,59,342,58
2024-10,타이레놀,003,25,73,184,85
2024-11,타이레놀,003,37,54,404,45
2024-12,타이레놀,003,28,124,663,129
2022-01,아스피린,003,189,93,694,0
2022-02,아스피린,003,96,95,335,29
2022-03,아스피린,003,30,60,413,50
2022-04,아스피린,003,20,98,355,94
2022-05,아스피린,003,16,95,619,90
2022-06,아스피린,003,11,82,676,102
2022-07,아스피린,003,31,60,518,50
2022-08,아스피린,003,21,64,272,71
2022-09,아스피린,003,28,57,485,51
2022-10,아스피린,003,22,56,256,52
2022-11,아스피린,003,18,85,634,82
2022-12,아스피린,003,15,83,204,101
2023-01,아스피린,003,33,54,217,41
2023-02,아스피린,003,20,60,280,49
2023-03,아스피린,003,9,94,222,96
2023-04,아스피린,003,11,71,267,76
2023-05,아스피린,003,16,50,515,69
2023-06,아스피린,003,35,66,671,49
2023-07,아스피린,003,18,84,533,102
2023-08,아스피린,003,36,81,588,56
2023-09,아스피린,003,11,67,489,61
2023-10,아스피린,003,5,87,594,96
2023-11,아스피린,003,14,88,525,84
2023-12,아스피린,003,10,65,684,68
2024-01,아스피린,003,13,88,415,97
2024-02,아스피린,003,22,62,632,61
2024-03,아스피린,003,21,53,659,47
2024-04,아스피린,003,15,74,546,75
2024-05,아스피린,003,16,79,630,73
2024-06,아스피린,003,10,55,353,70
2024-07,아스피린,003,25,94,224,92
2024-08,아스피린,003,23,50,321,50
2024-09,아스피린,003,23,89,519,99
2024-10,아스피린,003,33,77,312,63
2024-11,아스피린,003,19,69,512,62
2024-12,아스피린,003,12,56,221,60
2022-01,이부프로펜,003,149,90,418,0
2022-02,이부프로펜,003,59,77,355,32
2022-03,이부프로펜,003,14,86,439,94
2022-04,이부프로펜,003,22,52,296,44
2022-05,이부프로펜,003,14,75,526,97
2022-06,이부프로펜,003,36,84,511,56
2022-07,이부프로펜,003,8,58,356,68
2022-08,이부프로펜,003,18,51,602,41
2022-09,이부프로펜,003,8,58,375,73
2022-10,이부프로펜,003,23,91,383,105
2022-11,이부프로펜,003,37,62,589,36
2022-12,이부프로펜,003,11,62,517,63
2023-01,이부프로펜,003,12,97,188,115
2023-02,이부프로펜,003,30,97,472,95
2023-03,이부프로펜,003,28,65,348,57
2023-04,이부프로펜,003,20,60,598,48
2023-05,이부프로펜,003,8,90,550,88
2023-06,이부프로펜,003,6,64,407,89
2023-07,이부프로펜,003,31,64,414,47
2023-08,이부프로펜,003,14,94,430,118
2023-09,이부프로펜,003,38,82,610,64
2023-10,이부프로펜,003,20,97,443,102
2023-11,이부프로펜,003,25,52,548,39
2023-12,이부프로펜,003,12,76,411,77
2024-01,이부프로펜,003,13,61,556,70
2024-02,이부프로펜,003,22,92,287,97
2024-03,이부프로펜,003,27,89,446,85
2024-04,이부프로펜,003,23,97,520,93
2024-05,이부프로펜,003,19,67,202,73
2024-06,이부프로펜,003,25,85,594,69
2024-07,이부프로펜,003,9,91,559,108
2024-08,이부프로펜,003,26,52,311,49
2024-09,이부프로펜,003,23,81,602,81
2024-10,이부프로펜,003,23,87,548,85
2024-11,이부프로펜,003,21,53,473,37
2024-12,이부프로펜,003,5,72,414,83
2022-01,후시딘,003,100,67,518,0
2022-02,후시딘,003,33,75,411,60
2022-03,후시딘,003,18,95,492,101
2022-04,후시딘,003,24,75,696,63
2022-05,후시딘,003,12,69,460,72
2022-06,후시딘,003,15,118,240,139
2022-07,후시딘,003,36,101,290,86
2022-08,후시딘,003,21,79,377,86
2022-09,후시딘,003,28,92,716,70
2022-10,후시딘,003,6,99,336,106
2022-11,후시딘,003,13,80,302,85
2022-12,후시딘,003,18,96,699,108
2023-01,후시딘,003,30,75,204,61
2023-02,후시딘,003,16,70,504,81
2023-03,후시딘,003,27,52,355,50
2023-04,후시딘,003,25,85,233,78
2023-05,후시딘,003,18,56,235,45
2023-06,후시딘,003,7,93,340,117
2023-07,후시딘,003,31,84,367,70
2023-08,후시딘,003,17,105,289,102
2023-09,후시딘,003,14,68,317,83
2023-10,후시딘,003,29,98,492,85
2023-11,후시딘,003,16,61,657,74
2023-12,후시딘,003,29,64,394,51
2024-01,후시딘,003,16,91,648,100
2024-02,후시딘,003,25,79,192,86
2024-03,후시딘,003,32,53,700,47
2024-04,후시딘,003,26,88,227,81
2024-05,후시딘,003,19,86,607,99
2024-06,후시딘,003,32,104,256,77
2024-07,후시딘,003,5,134,539,140
2024-08,후시딘,003,11,130,604,134
2024-09,후시딘,003,15,75,490,69
2024-10,후시딘,003,9,56,245,65
2024-11,후시딘,003,18,81,428,100
2024-12,후시딘,003,37,62,427,51
2022-01,판피린,003,192,108,314,0
2022-02,판피린,003,84,100,383,39
2022-03,판피린,003,23,57,596,50
2022-04,판피린,003,16,73,518,80
2022-05,판피린,003,23,98,323,96
2022-06,판피린,003,21,53,646,46
2022-07,판피린,003,14,90,314,83
2022-08,판피린,003,7,52,550,62
2022-09,판피린,003,17,59,415,77
2022-10,판피린,003,35,90,525,73
2022-11,판피린,003,18,78,412,82
2022-12,판피린,003,22,106,278,106
2023-01,판피린,003,22,127,229,140
2023-02,판피린,003,35,130,209,105
2023-03,판피린,003,10,91,210,106
2023-04,판피린,003,25,50,470,45
2023-05,판피린,003,20,91,231,85
2023-06,판피린,003,14,68,339,68
2023-07,판피린,003,14,88,596,96
2023-08,판피린,003,22,95,361,94
2023-09,판피린,003,21,89,193,82
2023-10,판피린,003,14,66,442,86
2023-11,판피린,003,34,81,633,72
2023-12,판피린,003,25,109,356,117
2024-01,판피린,003,33,110,640,82
2024-02,판피린,003,5,83,650,92
2024-03,판피린,003,14,84,365,94
2024-04,판피린,003,24,69,607,64
2024-05,판피린,003,19,89,592,96
2024-06,판피린,003,26,72,699,66
2024-07,판피린,003,20,50,491,35
2024-08,판피린,003,5,77,235,86
2024-09,판피린,003,14,85,561,95
2024-10,판피린,003,24,79,369,75
2024-11,판피린,003,20,57,224,66
2024-12,판피린,003,29,141,311,125
2022-01,진해거담정,003,180,94,307,0
2022-02,진해거담정,003,86,122,551,54
2022-03,진해거담정,003,18,99,323,101
2022-04,진해거담정,003,20,85,345,82
2022-05,진해거담정,003,17,75,459,64
2022-06,진해거담정,003,6,51,543,65
2022-07,진해거담정,003,20,96,449,96
2022-08,진해거담정,003,20,91,441,83
2022-09,진해거담정,003,12,80,490,77
2022-10,진해거담정,003,9,55,409,57
2022-11,진해거담정,003,11,77,419,81
2022-12,진해거담정,003,15,121,633,115
2023-01,진해거담정,003,9,123,412,118
2023-02,진해거담정,003,4,142,416,155
2023-03,진해거담정,003,17,88,387,76
2023-04,진해거담정,003,5,98,552,117
2023-05,진해거담정,003,24,61,580,47
2023-06,진해거담정,003,10,96,650,123
2023-07,진해거담정,003,37,51,286,19
2023-08,진해거담정,003,5,69,717,82
2023-09,진해거담정,003,18,65,260,61
2023-10,진해거담정,003,14,62,362,78
2023-11,진해거담정,003,30,98,571,89
2023-12,진해거담정,003,21,124,569,124
2024-01,진해거담정,003,21,122,232,114
2024-02,진해거담정,003,13,139,494,149
2024-03,진해거담정,003,23,75,278,59
2024-04,진해거담정,003,7,88,703,106
2024-05,진해거담정,003,25,78,601,72
2024-06,진해거담정,003,19,71,679,75
2024-07,진해거담정,003,23,51,364,52
2024-08,진해거담정,003,24,90,217,89
2024-09,진해거담정,003,23,87,236,80
2024-10,진해거담정,003,16,54,526,76
2024-11,진해거담정,003,38,50,426,35
2024-12,진해거담정,003,23,91,208,84
2022-01,훼라민,003,129,75,472,0
2022-02,훼라민,003,54,74,585,39
2022-03,훼라민,003,19,84,493,84
2022-04,훼라민,003,19,72,222,78
2022-05,훼라민,003,25,94,361,91
2022-06,훼라민,003,22,100,356,110
2022-07,훼라민,003,32,72,495,65
2022-08,훼라민,003,25,70,702,54
2022-09,훼라민,003,9,77,710,103
2022-10,훼라민,003,35,72,662,47
2022-11,훼라민,003,10,90,504,92
2022-12,훼라민,003,12,68,378,84
2023-01,훼라민,003,28,50,538,30
2023-02,훼라민,003,8,59,654,75
2023-03,훼라민,003,24,96,640,77
2023-04,훼라민,003,5,71,544,90
2023-05,훼라민,003,24,78,246,65
2023-06,훼라민,003,11,53,331,68
2023-07,훼라민,003,26,54,194,47
2023-08,훼라민,003,19,96,427,100
2023-09,훼라민,003,23,92,687,88
2023-10,훼라민,003,19,65,521,66
2023-11,훼라민,003,20,95,639,103
2023-12,훼라민,003,28,59,613,54
2024-01,훼라민,003,23,50,363,38
2024-02,훼라민,003,11,56,613,67
2024-03,훼라민,003,22,82,626,79
2024-04,훼라민,003,19,82,512,69
2024-05,훼라민,003,6,96,421,96
2024-06,훼라민,003,6,88,350,102
2024-07,훼라민,003,20,51,287,44
2024-08,훼라민,003,13,95,258,102
2024-09,훼라민,003,20,96,533,87
2024-10,훼라민,003,11,68,277,85
2024-11,훼라민,003,28,70,619,70
2024-12,훼라민,003,28,94,283,95
2022-01,게보린,003,145,83,600,0
2022-02,게보린,003,62,53,193,7
2022-03,게보린,003,16,84,287,82
2022-04,게보린,003,14,62,202,72
2022-05,게보린,003,24,79,336,81
2022-06,게보린,003,26,91,657,79
2022-07,게보린,003,14,65,569,54
2022-08,게보린,003,3,80,709,81
2022-09,게보린,003,4,72,678,74
2022-10,게보린,003,6,54,471,52
2022-11,게보린,003,4,71,685,93
2022-12,게보린,003,26,68,336,57
2023-01,게보린,003,15,67,431,75
2023-02,게보린,003,23,96,233,93
2023-03,게보린,003,20,85,452,92
2023-04,게보린,003,27,66,347,59
2023-05,게보린,003,20,96,445,93
2023-06,게보린,003,17,94,695,101
2023-07,게보린,003,24,52,486,55
2023-08,게보린,003,27,91,309,91
2023-09,게보린,003,27,66,670,44
2023-10,게보린,003,5,51,701,56
2023-11,게보린,003,10,58,418,58
2023-12,게보린,003,10,58,582,69
2024-01,게보린,003,21,65,517,72
2024-02,게보린,003,28,78,483,76
2024-03,게보린,003,26,77,457,76
2024-04,게보린,003,25,81,388,83
2024-05,게보린,003,27,60,223,58
2024-06,게보린,003,25,68,657,64
2024-07,게보린,003,21,77,518,80
2024-08,게보린,003,24,56,537,51
2024-09,게보린,003,19,100,365,114
2024-10,게보린,003,33,70,695,52
2024-11,게보린,003,15,73,704,76
2024-12,게보린,003,18,92,493,87
2022-01,어린이타이레놀,003,146,136,589,10
2022-02,어린이타이레놀,003,20,89,519,76
2022-03,어린이타이레놀,003,7,73,493,80
2022-04,어린이타이레놀,003,14,96,646,109
2022-05,어린이타이레놀,003,27,78,245,63
2022-06,어린이타이레놀,003,12,80,392,86
2022-07,어린이타이레놀,003,18,94,358,100
2022-08,어린이타이레놀,003,24,63,578,65
2022-09,어린이타이레놀,003,26,77,473,72
2022-10,어린이타이레놀,003,21,77,268,71
2022-11,어린이타이레놀,003,15,75,525,92
2022-12,어린이타이레놀,003,32,89,643,77
2023-01,어린이타이레놀,003,20,104,196,109
2023-02,어린이타이레놀,003,25,107,706,99
2023-03,어린이타이레놀,003,17,55,402,65
2023-04,어린이타이레놀,003,27,51,417,46
2023-05,어린이타이레놀,003,22,67,428,72
2023-06,어린이타이레놀,003,27,77,455,57
2023-07,어린이타이레놀,003,7,72,204,75
2023-08,어린이타이레놀,003,10,71,605,73
2023-09,어린이타이레놀,003,12,74,560,101
2023-10,어린이타이레놀,003,39,99,446,95
2023-11,어린이타이레놀,003,35,98,636,79
2023-12,어린이타이레놀,003,16,104,671,98
2024-01,어린이타이레놀,003,10,106,603,118
2024-02,어린이타이레놀,003,22,85,422,81
2024-03,어린이타이레놀,003,18,55,401,47
2024-04,어린이타이레놀,003,10,60,601,70
2024-05,어린이타이레놀,003,20,50,670,48
2024-06,어린이타이레놀,003,18,59,205,53
2024-07,어린이타이레놀,003,12,74,498,88
2024-08,어린이타이레놀,003,26,72,591,69
2024-09,어린이타이레놀,003,23,66,384,43
2024-10,어린이타이레놀,003,0,87,718,106
2024-11,어린이타이레놀,003,19,95,389,93
2024-12,어린이타이레놀,003,17,113,541,116
2022-01,활명수,003,198,53,604,0
2022-02,활명수,003,145,61,286,0
2022-03,활명수,003,84,61,555,0
2022-04,활명수,003,23,95,411,104
2022-05,활명수,003,32,86,543,86
2022-06,활명수,003,32,66,342,51
2022-07,활명수,003,17,65,678,63
2022-08,활명수,003,15,77,278,73
2022-09,활명수,003,11,94,330,100
2022-10,활명수,003,17,87,285,97
2022-11,활명수,003,27,93,699,98
2022-12,활명수,003,32,80,347,55
2023-01,활명수,003,7,63,467,90
2023-02,활명수,003,34,94,585,67
2023-03,활명수,003,7,69,537,73
2023-04,활명수,003,11,56,540,68
2023-05,활명수,003,23,97,589,93
2023-06,활명수,003,19,96,673,87
2023-07,활명수,003,10,79,546,73
2023-08,활명수,003,4,54,431,70
2023-09,활명수,003,20,90,303,94
2023-10,활명수,003,24,83,655,66
2023-11,활명수,003,7,76,493,86
2023-12,활명수,003,17,60,537,77
2024-01,활명수,003,34,85,323,72
2024-02,활명수,003,21,99,567,96
2024-03,활명수,003,18,97,202,108
2024-04,활명수,003,29,94,443,83
2024-05,활명수,003,18,88,378,70
2024-06,활명수,003,0,53,609,71
2024-07,활명수,003,18,51,345,52
2024-08,활명수,003,19,50,209,39
2024-09,활명수,003,8,59,483,60
2024-10,활명수,003,9,58,463,56
2024-11,활명수,003,7,71,519,74
2024-12,활명수,003,10,51,360,73
2022-01,타이레놀,004,198,105,631,0
2022-02,타이레놀,004,93,104,427,31
2022-03,타이레놀,004,20,66,416,66
2022-04,타이레놀,004,20,97,301,97
2022-05,타이레놀,004,20,89,253,98
2022-06,타이레놀,004,29,77,372,80
2022-07,타이레놀,004,32,50,302,54
2022-08,타이레놀,004,36,70,450,63
2022-09,타이레놀,004,29,62,709,38
2022-10,타이레놀,004,5,66,408,77
2022-11,타이레놀,004,16,75,288,73
2022-12,타이레놀,004,14,144,694,156
2023-01,타이레놀,004,26,118,543,111
2023-02,타이레놀,004,19,125,435,113
2023-03,타이레놀,004,7,98,269,111
2023-04,타이레놀,004,20,93,414,93
2023-05,타이레놀,004,20,90,214,72
2023-06,타이레놀,004,2,81,308,94
2023-07,타이레놀,004,15,85,546,88
2023-08,타이레놀,004,18,77,355,77
2023-09,타이레놀,004,18,64,403,72
2023-10,타이레놀,004,26,70,593,54
2023-11,타이레놀,004,10,51,419,48
2023-12,타이레놀,004,7,128,310,159
2024-01,타이레놀,004,38,100,377,76
2024-02,타이레놀,004,14,111,555,116
2024-03,타이레놀,004,19,99,453,95
2024-04,타이레놀,004,15,90,283,106
2024-05,타이레놀,004,31,56,556,49
2024-06,타이레놀,004,24,54,329,59
2024-07,타이레놀,004,29,69,262,73
2024-08,타이레놀,004,33,59,509,52
2024-09,타이레놀,004,26,77,606,63
2024-10,타이레놀,004,12,89,324,97
2024-11,타이레놀,004,20,55,546,65
2024-12,타이레놀,004,30,126,546,121
2022-01,아스피린,004,144,82,430,0
2022-02,아스피린,004,62,85,695,37
2022-03,아스피린,004,14,95,415,87
2022-04,아스피린,004,6,65,444,72
2022-05,아스피린,004,13,100,608,109
2022-06,아스피린,004,22,85,720,74
2022-07,아스피린,004,11,77,324,84
2022-08,아스피린,004,18,51,422,53
2022-09,아스피린,004,20,85,484,104
2022-10,아스피린,004,39,77,300,75
2022-11,아스피린,004,37,60,350,49
2022-12,아스피린,004,26,70,485,78
2023-01,아스피린,004,34,58,518,52
2023-02,아스피린,004,28,70,687,68
2023-03,아스피린,004,26,51,316,60
2023-04,아스피린,004,35,95,420,94
2023-05,아스피린,004,34,85,594,66
2023-06,아스피린,004,15,51,483,40
2023-07,아스피린,004,4,51,583,66
2023-08,아스피린,004,19,76,639,70
2023-09,아스피린,004,13,83,689,80
2023-10,아스피린,004,10,51,641,44
2023-11,아스피린,004,3,53,697,73
2023-12,아스피린,004,23,83,445,75
2024-01,아스피린,004,15,68,487,77
2024-02,아스피린,004,24,54,501,52
2024-03,아스피린,004,22,65,346,55
2024-04,아스피린,004,12,77,240,77
2024-05,아스피린,004,12,78,318,90
2024-06,아스피린,004,24,76,237,77
2024-07,아스피린,004,25,81,206,73
2024-08,아스피린,004,17,76,348,69
2024-09,아스피린,004,10,90,373,101
2024-10,아스피린,004,21,85,352,99
2024-11,아스피린,004,35,80,461,61
2024-12,아스피린,004,16,93,715,96
2022-01,이부프로펜,004,100,51,701,0
2022-02,이부프로펜,004,49,85,475,51
2022-03,이부프로펜,004,15,53,703,42
2022-04,이부프로펜,004,4,76,236,80
2022-05,이부프로펜,004,8,56,595,79
2022-06,이부프로펜,004,31,63,313,62
2022-07,이부프로펜,004,30,81,663,69
2022-08,이부프로펜,004,18,61,546,56
2022-09,이부프로펜,004,13,64,674,66
2022-10,이부프로펜,004,15,51,333,59
2022-11,이부프로펜,004,23,88,292,66
2022-12,이부프로펜,004,1,60,180,82
2023-01,이부프로펜,004,23,56,373,49
2023-02,이부프로펜,004,16,88,674,78
2023-03,이부프로펜,004,6,89,402,100
2023-04,이부프로펜,004,17,56,599,60
2023-05,이부프로펜,004,21,96,622,95
2023-06,이부프로펜,004,20,97,200,94
2023-07,이부프로펜,004,17,72,256,80
2023-08,이부프로펜,004,25,54,692,68
2023-09,이부프로펜,004,39,65,544,37
2023-10,이부프로펜,004,11,57,505,64
2023-11,이부프로펜,004,18,63,546,61
2023-12,이부프로펜,004,16,77,618,62
2024-01,이부프로펜,004,1,59,381,74
2024-02,이부프로펜,004,16,56,242,61
2024-03,이부프로펜,004,21,60,398,67
2024-04,이부프로펜,004,28,91,655,76
2024-05,이부프로펜,004,13,78,623,80
2024-06,이부프로펜,004,15,90,683,96
2024-07,이부프로펜,004,21,98,321,96
2024-08,이부프로펜,004,19,63,558,70
2024-09,이부프로펜,004,26,96,509,92
2024-10,이부프로펜,004,22,86,647,84
2024-11,이부프로펜,004,20,53,323,47
2024-12,이부프로펜,004,14,78,240,86
2022-01,후시딘,004,129,82,403,0
2022-02,후시딘,004,47,52,574,39
2022-03,후시딘,004,34,50,405,44
2022-04,후시딘,004,28,76,193,64
2022-05,후시딘,004,16,52,487,57
2022-06,후시딘,004,21,91,354,100
2022-07,후시딘,004,30,89,463,79
2022-08,후시딘,004,20,125,550,124
2022-09,후시딘,004,19,92,193,98
2022-10,후시딘,004,25,90,214,82
2022-11,후시딘,004,17,91,561,109
2022-12,후시딘,004,35,99,588,86
2023-01,후시딘,004,22,56,551,45
2023-02,후시딘,004,11,99,496,102
2023-03,후시딘,004,14,72,662,84
2023-04,후시딘,004,26,76,211,57
2023-05,후시딘,004,7,97,610,117
2023-06,후시딘,004,27,93,387,85
2023-07,후시딘,004,19,110,681,101
2023-08,후시딘,004,10,106,515,125
2023-09,후시딘,004,29,97,190,100
2023-10,후시딘,004,32,73,240,59
2023-11,후시딘,004,18,78,182,84
2023-12,후시딘,004,24,62,508,61
2024-01,후시딘,004,23,59,710,68
2024-02,후시딘,004,32,67,441,74
2024-03,후시딘,004,39,64,619,32
2024-04,후시딘,004,7,99,599,126
2024-05,후시딘,004,34,69,685,45
2024-06,후시딘,004,10,119,350,133
2024-07,후시딘,004,24,100,546,90
2024-08,후시딘,004,14,103,554,110
2024-09,후시딘,004,21,50,480,50
2024-10,후시딘,004,21,68,368,58
2024-11,후시딘,004,11,52,514,55
2024-12,후시딘,004,14,76,580,80
2022-01,판피린,004,166,116,500,0
2022-02,판피린,004,50,101,290,71
2022-03,판피린,004,20,97,392,100
2022-04,판피린,004,23,68,468,48
2022-05,판피린,004,3,61,443,82
2022-06,판피린,004,24,66,626,58
2022-07,판피린,004,16,86,570,90
2022-08,판피린,004,20,87,475,88
2022-09,판피린,004,21,95,260,114
2022-10,판피린,004,40,73,704,51
2022-11,판피린,004,18,90,414,103
2022-12,판피린,004,31,123,226,116
2023-01,판피린,004,24,109,326,107
2023-02,판피린,004,22,102,460,100
2023-03,판피린,004,20,60,247,75
2023-04,판피린,004,35,76,252,61
2023-05,판피린,004,20,86,630,73
2023-06,판피린,004,7,52,578,65
2023-07,판피린,004,20,75,617,62
2023-08,판피린,004,7,83,344,88
2023-09,판피린,004,12,94,590,109
2023-10,판피린,004,27,64,453,46
2023-11,판피린,004,9,82,424,79
2023-12,판피린,004,6,135,666,149
2024-01,판피린,004,20,140,596,150
2024-02,판피린,004,30,127,273,114
2024-03,판피린,004,17,82,502,77
2024-04,판피린,004,12,72,209,83
2024-05,판피린,004,23,98,354,108
2024-06,판피린,004,33,99,259,82
2024-07,판피린,004,16,100,521,107
2024-08,판피린,004,23,84,482,78
2024-09,판피린,004,17,76,430,66
2024-10,판피린,004,7,73,670,96
2024-11,판피린,004,30,65,700,56
2024-12,판피린,004,21,122,293,117
2022-01,진해거담정,004,156,93,376,0
2022-02,진해거담정,004,63,130,551,77
2022-03,진해거담정,004,10,99,241,112
2022-04,진해거담정,004,23,70,597,63
2022-05,진해거담정,004,16,76,612,90
2022-06,진해거담정,004,30,89,683,81
2022-07,진해거담정,004,22,86,618,78
2022-08,진해거담정,004,14,99,220,95
2022-09,진해거담정,004,10,68,604,87
2022-10,진해거담정,004,29,96,612,78
2022-11,진해거담정,004,11,71,295,95
2022-12,진해거담정,004,35,122,515,94
2023-01,진해거담정,004,7,132,588,149
2023-02,진해거담정,004,24,134,584,123
2023-03,진해거담정,004,13,85,393,94
2023-04,진해거담정,004,22,95,570,94
2023-05,진해거담정,004,21,91,525,87
2023-06,진해거담정,004,17,50,507,47
2023-07,진해거담정,004,14,76,263,89
2023-08,진해거담정,004,27,93,634,83
2023-09,진해거담정,004,17,67,553,65
2023-10,진해거담정,004,15,90,413,109
2023-11,진해거담정,004,34,83,457,65
2023-12,진해거담정,004,16,101,451,100
2024-01,진해거담정,004,15,141,295,148
2024-02,진해거담정,004,22,133,493,137
2024-03,진해거담정,004,26,93,212,91
2024-04,진해거담정,004,24,82,609,75
2024-05,진해거담정,004,17,91,297,96
2024-06,진해거담정,004,22,60,450,61
2024-07,진해거담정,004,23,77,337,58
2024-08,진해거담정,004,4,68,291,92
2024-09,진해거담정,004,28,73,706,59
2024-10,진해거담정,004,14,56,542,47
2024-11,진해거담정,004,5,75,576,110
2024-12,진해거담정,004,40,124,495,101
2022-01,훼라민,004,137,54,626,0
2022-02,훼라민,004,83,66,279,0
2022-03,훼라민,004,17,55,720,44
2022-04,훼라민,004,6,66,278,85
2022-05,훼라민,004,25,74,199,80
2022-06,훼라민,004,31,65,675,45
2022-07,훼라민,004,11,96,686,112
2022-08,훼라민,004,27,56,669,59
2022-09,훼라민,004,30,84,539,75
2022-10,훼라민,004,21,62,534,73
2022-11,훼라민,004,32,62,449,37
2022-12,훼라민,004,7,96,442,105
2023-01,훼라민,004,16,82,447,105
2023-02,훼라민,004,39,99,372,86
2023-03,훼라민,004,26,62,604,61
2023-04,훼라민,004,25,87,613,77
2023-05,훼라민,004,15,90,641,112
2023-06,훼라민,004,37,52,499,52
2023-07,훼라민,004,37,98,544,66
2023-08,훼라민,004,5,62,719,81
2023-09,훼라민,004,24,61,278,59
2023-10,훼라민,004,22,56,190,52
2023-11,훼라민,004,18,52,433,46
2023-12,훼라민,004,12,59,394,68
2024-01,훼라민,004,21,76,202,73
2024-02,훼라민,004,18,63,242,51
2024-03,훼라민,004,6,50,670,63
2024-04,훼라민,004,19,59,289,48
2024-05,훼라민,004,8,66,274,63
2024-06,훼라민,004,5,86,411,97
2024-07,훼라민,004,16,70,660,88
2024-08,훼라민,004,34,82,595,50
2024-09,훼라민,004,2,97,631,121
2024-10,훼라민,004,26,79,710,80
2024-11,훼라민,004,27,85,231,80
2024-12,훼라민,004,22,52,589,43
2022-01,게보린,004,165,93,449,0
2022-02,게보린,004,72,84,526,22
2022-03,게보린,004,10,80,589,83
2022-04,게보린,004,13,55,269,79
2022-05,게보린,004,37,76,527,51
2022-06,게보린,004,12,50,205,60
2022-07,게보린,004,22,59,479,48
2022-08,게보린,004,11,80,254,87
2022-09,게보린,004,18,86,568,75
2022-10,게보린,004,7,83,420,106
2022-11,게보린,004,30,80,468,65
2022-12,게보린,004,15,94,667,85
2023-01,게보린,004,6,97,524,98
2023-02,게보린,004,7,88,466,114
2023-03,게보린,004,33,59,602,43
2023-04,게보린,004,17,76,354,73
2023-05,게보린,004,14,60,518,60
2023-06,게보린,004,14,62,667,59
2023-07,게보린,004,11,61,271,63
2023-08,게보린,004,13,66,680,57
2023-09,게보린,004,4,83,586,108
2023-10,게보린,004,29,56,264,33
2023-11,게보린,004,6,99,249,109
2023-12,게보린,004,16,78,693,98
2024-01,게보린,004,36,92,575,85
2024-02,게보린,004,29,91,290,89
2024-03,게보린,004,27,87,326,84
2024-04,게보린,004,24,76,374,76
2024-05,게보린,004,24,73,451,64
2024-06,게보린,004,15,52,572,54
2024-07,게보린,004,17,58,534,63
2024-08,게보린,004,22,54,300,54
2024-09,게보린,004,22,96,651,96
2024-10,게보린,004,22,76,550,73
2024-11,게보린,004,19,58,542,53
2024-12,게보린,004,14,98,202,94
2022-01,어린이타이레놀,004,103,114,196,22
2022-02,어린이타이레놀,004,11,101,310,99
2022-03,어린이타이레놀,004,9,59,308,70
2022-04,어린이타이레놀,004,20,84,605,91
2022-05,어린이타이레놀,004,27,83,285,73
2022-06,어린이타이레놀,004,17,80,397,76
2022-07,어린이타이레놀,004,13,56,603,61
2022-08,어린이타이레놀,004,18,100,626,104
2022-09,어린이타이레놀,004,22,80,551,80
2022-10,어린이타이레놀,004,22,95,490,102
2022-11,어린이타이레놀,004,29,66,360,49
2022-12,어린이타이레놀,004,12,112,569,118
2023-01,어린이타이레놀,004,18,130,638,143
2023-02,어린이타이레놀,004,31,112,551,102
2023-03,어린이타이레놀,004,21,89,699,92
2023-04,어린이타이레놀,004,24,53,689,56
2023-05,어린이타이레놀,004,27,78,688,61
2023-06,어린이타이레놀,004,10,96,342,116
2023-07,어린이타이레놀,004,30,90,526,64
2023-08,어린이타이레놀,004,4,93,707,116
2023-09,어린이타이레놀,004,27,99,326,101
2023-10,어린이타이레놀,004,29,65,281,53
2023-11,어린이타이레놀,004,17,82,535,104
2023-12,어린이타이레놀,004,39,130,602,108
2024-01,어린이타이레놀,004,17,140,593,148
2024-02,어린이타이레놀,004,25,114,410,110
2024-03,어린이타이레놀,004,21,80,230,75
2024-04,어린이타이레놀,004,16,53,639,60
2024-05,어린이타이레놀,004,23,68,452,74
2024-06,어린이타이레놀,004,29,78,416,72
2024-07,어린이타이레놀,004,23,97,624,95
2024-08,어린이타이레놀,004,21,75,230,76
2024-09,어린이타이레놀,004,22,55,312,68
2024-10,어린이타이레놀,004,35,75,222,55
2024-11,어린이타이레놀,004,15,52,388,60
2024-12,어린이타이레놀,004,23,102,439,99
2022-01,활명수,004,151,84,357,0
2022-02,활명수,004,67,77,531,19
2022-03,활명수,004,9,95,289,113
2022-04,활명수,004,27,68,319,62
2022-05,활명수,004,21,71,360,61
2022-06,활명수,004,11,59,475,66
2022-07,활명수,004,18,67,387,68
2022-08,활명수,004,19,60,531,61
2022-09,활명수,004,20,58,639,47
2022-10,활명수,004,9,58,485,67
2022-11,활명수,004,18,80,441,85
2022-12,활명수,004,23,53,435,59
2023-01,활명수,004,29,87,687,78
2023-02,활명수,004,20,87,342,88
2023-03,활명수,004,21,80,288,70
2023-04,활명수,004,11,51,623,60
2023-05,활명수,004,20,60,299,55
2023-06,활명수,004,15,89,201,94
2023-07,활명수,004,20,62,449,63
2023-08,활명수,004,21,85,617,80
2023-09,활명수,004,16,70,545,78
2023-10,활명수,004,24,85,612,65
2023-11,활명수,004,4,100,347,130
2023-12,활명수,004,34,73,661,70
2024-01,활명수,004,31,84,519,88
2024-02,활명수,004,35,65,494,44
2024-03,활명수,004,14,93,266,101
2024-04,활명수,004,22,100,536,99
2024-05,활명수,004,21,98,266,115
2024-06,활명수,004,38,71,332,47
2024-07,활명수,004,14,76,205,82
2024-08,활명수,004,20,100,643,92
2024-09,활명수,004,12,87,556,94
2024-10,활명수,004,19,99,284,87
2024-11,활명수,004,7,83,557,93
2024-12,활명수,004,17,84,269,69
2022-01,타이레놀,005,184,99,262,0
2022-02,타이레놀,005,85,97,658,45
2022-03,타이레놀,005,33,79,250,55
2022-04,타이레놀,005,9,100,295,109
2022-05,타이레놀,005,18,60,538,65
2022-06,타이레놀,005,23,68,590,58
2022-07,타이레놀,005,13,92,199,102
2022-08,타이레놀,005,23,60,660,62
2022-09,타이레놀,005,25,58,558,43
2022-10,타이레놀,005,10,51,264,77
2022-11,타이레놀,005,36,81,199,71
2022-12,타이레놀,005,26,93,612,91
2023-01,타이레놀,005,24,121,336,120
2023-02,타이레놀,005,23,128,461,136
2023-03,타이레놀,005,31,53,700,39
2023-04,타이레놀,005,17,58,393,67
2023-05,타이레놀,005,26,95,218,88
2023-06,타이레놀,005,19,79,276,86
2023-07,타이레놀,005,26,57,180,53
2023-08,타이레놀,005,22,99,465,111
2023-09,타이레놀,005,34,51,302,24
2023-10,타이레놀,005,7,63,185,69
2023-11,타이레놀,005,13,61,220,57
2023-12,타이레놀,005,9,107,222,135
2024-01,타이레놀,005,37,83,228,77
2024-02,타이레놀,005,31,89,495,84
2024-03,타이레놀,005,26,51,688,51
2024-04,타이레놀,005,26,71,333,67
2024-05,타이레놀,005,22,74,641,81
2024-06,타이레놀,005,29,85,630,90
2024-07,타이레놀,005,34,75,327,44
2024-08,타이레놀,005,3,91,358,106
2024-09,타이레놀,005,18,61,254,61
2024-10,타이레놀,005,18,51,320,45
2024-11,타이레놀,005,12,82,574,91
2024-12,타이레놀,005,21,113,522,118
2022-01,아스피린,005,150,71,642,0
2022-02,아스피린,005,79,72,635,6
2022-03,아스피린,005,13,53,517,60
2022-04,아스피린,005,20,72,451,70
2022-05,아스피린,005,18,50,344,52
2022-06,아스피린,005,20,54,660,37
2022-07,아스피린,005,3,82,241,97
2022-08,아스피린,005,18,65,351,76
2022-09,아스피린,005,29,89,292,79
2022-10,아스피린,005,19,57,467,71
2022-11,아스피린,005,33,100,435,92
2022-12,아스피린,005,25,60,340,52
2023-01,아스피린,005,17,72,495,70
2023-02,아스피린,005,15,57,687,56
2023-03,아스피린,005,14,51,319,62
2023-04,아스피린,005,25,76,520,55
2023-05,아스피린,005,4,98,289,109
2023-06,아스피린,005,15,67,696,69
2023-07,아스피린,005,17,95,368,113
2023-08,아스피린,005,35,57,518,46
2023-09,아스피린,005,24,89,205,65
2023-10,아스피린,005,0,64,290,74
2023-11,아스피린,005,10,99,206,99
2023-12,아스피린,005,10,62,514,79
2024-01,아스피린,005,27,63,375,55
2024-02,아스피린,005,19,61,357,64
2024-03,아스피린,005,22,80,202,83
2024-04,아스피린,005,25,98,549,82
2024-05,아스피린,005,9,89,324,112
2024-06,아스피린,005,32,65,508,59
2024-07,아스피린,005,26,76,555,63
2024-08,아스피린,005,13,71,574,68
2024-09,아스피린,005,10,100,472,119
2024-10,아스피린,005,29,96,476,72
2024-11,아스피린,005,5,97,375,123
2024-12,아스피린,005,31,75,537,67
2022-01,이부프로펜,005,173,98,270,0
2022-02,이부프로펜,005,75,74,318,30
2022-03,이부프로펜,005,31,56,347,50
2022-04,이부프로펜,005,25,89,288,91
2022-05,이부프로펜,005,27,67,325,66
2022-06,이부프로펜,005,26,95,589,77
2022-07,이부프로펜,005,8,97,504,106
2022-08,이부프로펜,005,17,99,704,117
2022-09,이부프로펜,005,35,96,462,84
2022-10,이부프로펜,005,23,62,319,78
2022-11,이부프로펜,005,39,75,295,47
2022-12,이부프로펜,005,11,94,494,107
2023-01,이부프로펜,005,24,86,296,88
2023-02,이부프로펜,005,26,96,510,70
2023-03,이부프로펜,005,0,82,531,87
2023-04,이부프로펜,005,5,99,227,104
2023-05,이부프로펜,005,10,77,482,81
2023-06,이부프로펜,005,14,80,216,71
2023-07,이부프로펜,005,5,98,209,106
2023-08,이부프로펜,005,13,86,446,87
2023-09,이부프로펜,005,14,55,477,71
2023-10,이부프로펜,005,30,51,515,33
2023-11,이부프로펜,005,12,71,659,88
2023-12,이부프로펜,005,29,77,660,80
2024-01,이부프로펜,005,32,70,373,46
2024-02,이부프로펜,005,8,60,610,79
2024-03,이부프로펜,005,27,83,381,87
2024-04,이부프로펜,005,31,61,603,44
2024-05,이부프로펜,005,14,68,391,74
2024-06,이부프로펜,005,20,91,641,75
2024-07,이부프로펜,005,4,80,430,104
2024-08,이부프로펜,005,28,66,515,58
2024-09,이부프로펜,005,20,71,476,70
2024-10,이부프로펜,005,19,71,356,73
2024-11,이부프로펜,005,21,62,503,62
2024-12,이부프로펜,005,21,93,291,91
2022-01,후시딘,005,178,87,310,0
2022-02,후시딘,005,91,76,294,16
2022-03,후시딘,005,31,66,536,54
2022-04,후시딘,005,19,90,331,95
2022-05,후시딘,005,24,78,181,71
2022-06,후시딘,005,17,75,480,87
2022-07,후시딘,005,29,93,215,95
2022-08,후시딘,005,31,105,265,107
2022-09,후시딘,005,33,70,439,55
2022-10,후시딘,005,18,50,672,65
2022-11,후시딘,005,33,60,715,34
2022-12,후시딘,005,7,50,563,50
2023-01,후시딘,005,7,61,698,72
2023-02,후시딘,005,18,85,633,96
2023-03,후시딘,005,29,74,263,75
2023-04,후시딘,005,30,60,677,49
2023-05,후시딘,005,19,75,190,78
2023-06,후시딘,005,22,90,617,82
2023-07,후시딘,005,14,110,238,113
2023-08,후시딘,005,17,86,339,85
2023-09,후시딘,005,16,80,716,93
2023-10,후시딘,005,29,79,313,55
2023-11,후시딘,005,5,89,573,97
2023-12,후시딘,005,13,87,241,78
2024-01,후시딘,005,4,96,228,112
2024-02,후시딘,005,20,95,364,105
2024-03,후시딘,005,30,87,593,85
2024-04,후시딘,005,28,90,594,94
2024-05,후시딘,005,32,84,584,67
2024-06,후시딘,005,15,111,471,115
2024-07,후시딘,005,19,114,623,112
2024-08,후시딘,005,17,114,467,123
2024-09,후시딘,005,26,71,593,71
2024-10,후시딘,005,26,91,231,78
2024-11,후시딘,005,13,91,362,98
2024-12,후시딘,005,20,79,223,72
2022-01,판피린,005,159,135,309,0
2022-02,판피린,005,24,125,351,137
2022-03,판피린,005,36,90,242,77
2022-04,판피린,005,23,90,379,77
2022-05,판피린,005,10,93,391,85
2022-06,판피린,005,2,56,247,65
2022-07,판피린,005,11,89,377,92
2022-08,판피린,005,14,50,668,55
2022-09,판피린,005,19,80,615,81
2022-10,판피린,005,20,100,447,95
2022-11,판피린,005,15,89,204,84
2022-12,판피린,005,10,139,673,149
2023-01,판피린,005,20,134,624,129
2023-02,판피린,005,15,129,240,120
2023-03,판피린,005,6,85,498,95
2023-04,판피린,005,16,56,697,65
2023-05,판피린,005,25,62,210,59
2023-06,판피린,005,22,86,703,81
2023-07,판피린,005,17,89,465,95
2023-08,판피린,005,23,88,518,105
2023-09,판피린,005,40,84,561,62
2023-10,판피린,005,18,80,671,95
2023-11,판피린,005,33,91,305,85
2023-12,판피린,005,27,122,581,121
2024-01,판피린,005,26,84,274,66
2024-02,판피린,005,8,89,383,97
2024-03,판피린,005,16,90,262,103
2024-04,판피린,005,29,70,653,59
2024-05,판피린,005,18,81,590,71
2024-06,판피린,005,8,55,356,79
2024-07,판피린,005,32,76,647,70
2024-08,판피린,005,26,73,585,61
2024-09,판피린,005,14,73,641,84
2024-10,판피린,005,25,67,493,44
2024-11,판피린,005,2,99,289,127
2024-12,판피린,005,30,91,466,66
2022-01,진해거담정,005,108,143,472,45
2022-02,진해거담정,005,10,103,630,123
2022-03,진해거담정,005,30,61,482,35
2022-04,진해거담정,005,4,100,284,109
2022-05,진해거담정,005,13,54,185,67
2022-06,진해거담정,005,26,68,599,62
2022-07,진해거담정,005,20,91,675,83
2022-08,진해거담정,005,12,71,676,84
2022-09,진해거담정,005,25,55,559,56
2022-10,진해거담정,005,26,90,376,75
2022-11,진해거담정,005,11,51,470,55
2022-12,진해거담정,005,15,103,251,124
2023-01,진해거담정,005,36,111,181,89
2023-02,진해거담정,005,14,94,560,99
2023-03,진해거담정,005,19,65,278,54
2023-04,진해거담정,005,8,77,629,75
2023-05,진해거담정,005,6,81,463,89
2023-06,진해거담정,005,14,83,226,89
2023-07,진해거담정,005,20,51,224,49
2023-08,진해거담정,005,18,76,211,77
2023-09,진해거담정,005,19,69,372,79
2023-10,진해거담정,005,29,73,397,73
2023-11,진해거담정,005,29,56,509,65
2023-12,진해거담정,005,38,136,285,103
2024-01,진해거담정,005,5,127,440,136
2024-02,진해거담정,005,14,127,706,130
2024-03,진해거담정,005,17,60,646,63
2024-04,진해거담정,005,20,68,507,81
2024-05,진해거담정,005,33,64,396,44
2024-06,진해거담정,005,13,61,686,74
2024-07,진해거담정,005,26,94,713,74
2024-08,진해거담정,005,6,71,489,94
2024-09,진해거담정,005,29,81,599,75
2024-10,진해거담정,005,23,88,609,101
2024-11,진해거담정,005,36,64,673,42
2024-12,진해거담정,005,14,134,377,142
2022-01,훼라민,005,145,50,345,0
2022-02,훼라민,005,95,61,424,4
2022-03,훼라민,005,38,62,362,29
2022-04,훼라민,005,5,73,550,88
2022-05,훼라민,005,20,93,695,87
2022-06,훼라민,005,14,76,209,84
2022-07,훼라민,005,22,61,325,59
2022-08,훼라민,005,20,90,561,95
2022-09,훼라민,005,25,56,382,40
2022-10,훼라민,005,9,52,318,53
2022-11,훼라민,005,10,68,365,75
2022-12,훼라민,005,17,96,712,109
2023-01,훼라민,005,30,86,455,64
2023-02,훼라민,005,8,58,478,74
2023-03,훼라민,005,24,91,635,86
2023-04,훼라민,005,19,88,245,78
2023-05,훼라민,005,9,60,455,61
2023-06,훼라민,005,10,76,594,83
2023-07,훼라민,005,17,87,465,86
2023-08,훼라민,005,16,50,643,63
2023-09,훼라민,005,29,85,231,59
2023-10,훼라민,005,3,70,331,103
2023-11,훼라민,005,36,84,400,50
2023-12,훼라민,005,2,57,201,77
2024-01,훼라민,005,22,60,524,56
2024-02,훼라민,005,18,56,584,45
2024-03,훼라민,005,7,50,670,49
2024-04,훼라민,005,6,67,517,85
2024-05,훼라민,005,24,85,319,69
2024-06,훼라민,005,8,63,489,79
2024-07,훼라민,005,24,79,543,74
2024-08,훼라민,005,19,77,388,69
2024-09,훼라민,005,11,68,600,86
2024-10,훼라민,005,29,59,537,39
2024-11,훼라민,005,9,68,688,73
2024-12,훼라민,005,14,91,322,110
2022-01,게보린,005,182,89,400,0
2022-02,게보린,005,93,79,622,26
2022-03,게보린,005,40,53,586,34
2022-04,게보린,005,21,50,257,53
2022-05,게보린,005,24,69,295,66
2022-06,게보린,005,21,61,595,71
2022-07,게보린,005,31,96,511,88
2022-08,게보린,005,23,66,399,56
2022-09,게보린,005,13,100,206,113
2022-10,게보린,005,26,96,403,90
2022-11,게보린,005,20,52,612,42
2022-12,게보린,005,10,81,301,88
2023-01,게보린,005,17,73,595,67
2023-02,게보린,005,11,86,341,90
2023-03,게보린,005,15,83,370,76
2023-04,게보린,005,8,71,510,88
2023-05,게보린,005,25,84,610,76
2023-06,게보린,005,17,100,542,101
2023-07,게보린,005,18,63,341,64
2023-08,게보린,005,19,55,561,59
2023-09,게보린,005,23,59,276,63
2023-10,게보린,005,27,55,498,52
2023-11,게보린,005,24,77,621,64
2023-12,게보린,005,11,58,460,71
2024-01,게보린,005,24,91,610,86
2024-02,게보린,005,19,51,655,50
2024-03,게보린,005,18,99,533,96
2024-04,게보린,005,15,83,401,98
2024-05,게보린,005,30,76,409,62
2024-06,게보린,005,16,93,227,89
2024-07,게보린,005,12,91,343,100
2024-08,게보린,005,21,58,191,56
2024-09,게보린,005,19,70,229,78
2024-10,게보린,005,27,90,656,95
2024-11,게보린,005,32,51,242,51
2024-12,게보린,005,32,70,545,53
2022-01,어린이타이레놀,005,183,116,227,0
2022-02,어린이타이레놀,005,67,128,720,86
2022-03,어린이타이레놀,005,25,76,515,87
2022-04,어린이타이레놀,005,36,80,580,75
2022-05,어린이타이레놀,005,31,55,470,40
2022-06,어린이타이레놀,005,16,80,403,99
2022-07,어린이타이레놀,005,35,90,288,75
2022-08,어린이타이레놀,005,20,97,483,102
2022-09,어린이타이레놀,005,25,51,264,40
2022-10,어린이타이레놀,005,14,67,292,88
2022-11,어린이타이레놀,005,35,92,630,77
2022-12,어린이타이레놀,005,20,140,370,144
2023-01,어린이타이레놀,005,24,116,321,104
2023-02,어린이타이레놀,005,12,98,519,108
2023-03,어린이타이레놀,005,22,56,251,63
2023-04,어린이타이레놀,005,29,92,412,80
2023-05,어린이타이레놀,005,17,73,269,82
2023-06,어린이타이레놀,005,26,62,419,55
2023-07,어린이타이레놀,005,19,56,543,43
2023-08,어린이타이레놀,005,6,57,408,79
2023-09,어린이타이레놀,005,28,94,532,90
2023-10,어린이타이레놀,005,24,95,219,101
2023-11,어린이타이레놀,005,30,52,635,43
2023-12,어린이타이레놀,005,21,86,359,93
2024-01,어린이타이레놀,005,28,100,491,97
2024-02,어린이타이레놀,005,25,115,373,103
2024-03,어린이타이레놀,005,13,92,248,99
2024-04,어린이타이레놀,005,20,97,316,100
2024-05,어린이타이레놀,005,23,95,499,101
2024-06,어린이타이레놀,005,29,99,692,81
2024-07,어린이타이레놀,005,11,93,660,88
2024-08,어린이타이레놀,005,6,58,655,82
2024-09,어린이타이레놀,005,30,55,518,40
2024-10,어린이타이레놀,005,15,57,232,67
2024-11,어린이타이레놀,005,25,71,269,66
2024-12,어린이타이레놀,005,20,94,479,110
2022-01,활명수,005,173,70,532,0
2022-02,활명수,005,103,79,498,0
2022-03,활명수,005,24,60,379,64
2022-04,활명수,005,28,88,369,67
2022-05,활명수,005,7,77,648,93
2022-06,활명수,005,23,50,461,51
2022-07,활명수,005,24,69,188,69
2022-08,활명수,005,24,70,655,61
2022-09,활명수,005,15,79,605,93
2022-10,활명수,005,29,76,675,54
2022-11,활명수,005,7,67,416,75
2022-12,활명수,005,15,92,493,97
2023-01,활명수,005,20,78,264,76
2023-02,활명수,005,18,93,248,110
2023-03,활명수,005,35,75,690,70
2023-04,활명수,005,30,65,629,72
2023-05,활명수,005,37,56,682,51
2023-06,활명수,005,32,51,492,38
2023-07,활명수,005,19,69,476,64
2023-08,활명수,005,14,74,453,73
2023-09,활명수,005,13,54,479,68
2023-10,활명수,005,27,62,340,59
2023-11,활명수,005,24,91,231,85
2023-12,활명수,005,18,97,526,104
2024-01,활명수,005,25,62,578,74
2024-02,활명수,005,37,81,506,52
2024-03,활명수,005,8,52,635,55
2024-04,활명수,005,11,62,360,63
2024-05,활명수,005,12,60,295,72
2024-06,활명수,005,24,65,593,48
2024-07,활명수,005,7,74,720,89
2024-08,활명수,005,22,79,617,71
2024-09,활명수,005,14,68,413,67
2024-10,활명수,005,13,53,709,57
2024-11,활명수,005,17,63,421,71
2024-12,활명수,005,25,97,444,101
